id,principle_statement,verbatim_quote,explicit_or_inferred,confidence,event_date_edtf,audience,verification,fuzzy_score,char_start,char_end,reasoning
1,Divine aid is necessary to overcome moral trials and resist temptation.,Oh Lord deliver thy servent out of temtations,inferred,0.95,1832-11-27,personal prayer,exact,,7660,7705,Smith’s petitionary prayer demonstrates a theological reliance on divine intervention to maintain moral integrity and the belief that God is the source of deliverance from temptation.
2,Religious communities should be established with a primary focus on education and spiritual empowerment.,building communities with a central focus on education and spiritual empowerment,inferred,0.85,1832-11-27,the community of believers,exact,,7964,8044,"The text identifies these as the core objectives toward which divine revelation directed Joseph Smith and his followers, establishing them as foundational pillars of the movement."
3,Prophetic blessings may include authoritative evaluations of an individual's character and spiritual standing.,"candid evaluations of associates Cowdery, Rigdon, and Williams in connection with blessings he pronounced upon them",inferred,0.8,1832-11-27,church leadership and close associates,exact,,7144,7259,"The text notes that Smith's blessings for his associates contained character assessments, suggesting that such pronouncements are a legitimate medium for communicating divine feedback on an individual's faithfulness."
4,The well-being and safety of one's family is a primary source of spiritual joy and satisfaction.,found all well to the Joy and satisfaction of my soul on my return,inferred,0.85,1832-11-27,personal journal,exact,,7586,7652,Smith’s explicit link between the welfare of his family and the 'satisfaction of [his] soul' highlights the theological and philosophical importance of the domestic sphere in his religious life.
5,A state of mental calmness and serenity is a positive indicator of spiritual well-being.,my mind is calm and serene,inferred,0.8,1832-11-27,personal journal,exact,,7556,7582,Smith’s self-reflection on his mental state as 'calm and serene' in the context of his religious duties suggests that he viewed these qualities as signs of divine favor or spiritual health.
6,Faith-based communities should be established with a central focus on education and spiritual empowerment.,building communities with a central focus on education and spiritual empowerment,inferred,0.85,1832-11-27,Latter-day Saints,exact,,7964,8044,"The text states that revelation directed Joseph Smith toward this specific model of community building, implying it is a foundational principle of the movement."
7,A solemn assembly of the ministry is a divine requirement for spiritual preparation.,a new revelation called for a “solemn assembly” of the lay ministry,explicit,0.9,1832-11-27,lay ministry,exact,,8132,8199,The text identifies a specific revelatory command for a formal gathering of the priesthood as a step in their spiritual progression.
8,Believers are promised a divine endowment of power from on high.,Latter-day Saints would be “endowed with power from on high.”,explicit,0.95,1832-11-27,Latter-day Saints,exact,,8271,8332,This is a direct theological promise regarding the spiritual capacity and authority to be granted to the members of the church.
9,Preparation for spiritual endowment requires training in both spiritual and temporal affairs.,they were to receive training in spiritual and temporal affairs,explicit,0.9,1832-11-27,lay ministry,exact,,8369,8432,The text explicitly states that education in both the spiritual and practical/temporal realms was a prerequisite for receiving the promised endowment.
10,The ritual washing of feet is a preparatory ordinance to be performed in a house of God.,a ritual “washing of feet” in a “house of God.”,explicit,0.95,1832-11-27,lay ministry,exact,,8437,8484,The text identifies the washing of feet as a specific ritual requirement for those preparing to receive the endowment of power.
11,Temples serve as the central reference point for the physical and social development of the community of Zion.,use this temple as the central reference point around which to develop a substantial community,explicit,0.95,1832-11-27,the Saints,exact,,8693,8787,The text describes a revelation-based instruction that positions the temple as the foundational center for the organization and growth of the 'city of the stake of Zion.'
12,The community of Zion is organized into administrative and spiritual units known as stakes.,the city of the stake of Zion,explicit,0.9,1832-11-27,the Saints,exact,,8804,8833,This introduces the theological and organizational concept of a 'stake' as the defining structure for a city within the broader framework of Zion.
13,The expansion of Zion's settlements should proceed outward from a central cluster of temples.,building outward from a cluster of centrally located temples,explicit,0.95,1832-11-27,church leaders in Jackson County,exact,,9037,9097,This reflects a specific theological-spatial principle for urban planning where the temple is the literal and symbolic heart of community expansion.
14,The redemption of Zion is contingent upon the spiritual empowerment of the Saints in the House of the Lord.,the redemption of Zion must await their empowerment in the House of the Lord at Kirtland,explicit,0.95,1832-11-27,Latter-day Saints,exact,,12700,12788,The text explicitly states that a revelation declared the redemption of Zion was dependent on the Saints being empowered in the Kirtland temple.
15,Divine work requires thorough preparation by those called to perform it.,counseled the Latter-day Saints to prepare themselves more thoroughly,explicit,0.9,1832-11-27,Latter-day Saints,exact,,12612,12681,The revelation provides specific counsel on the necessity of preparation for the Saints to fulfill their mission.
16,Ecclesiastical leadership is strengthened through the organization of a presidency and a high council.,strengthened local church leadership by appointing a presidency and a “high council” consisting of twelve men,inferred,0.85,1832-11-27,local church leadership,exact,,13009,13118,"The text describes Joseph Smith's action of organizing leadership bodies as a means of 'strengthening' the church, implying a principle of effective governance."
17,The establishment of Zion involves the legal acquisition of property.,directed them to continue to purchase lands in the vicinity of Jackson County,inferred,0.8,1832-11-27,Latter-day Saints,exact,,12812,12889,The directive to purchase land in a specific sacred location implies a principle that physical ownership is part of the theological mandate for Zion.
18,God has the capacity to provide divine direction to an individual's thoughts.,"oh Oh, may God grant that I may be directed in all my thaughts thoughts",explicit,0.95,1832-11-27,personal journal,exact,,13883,13954,The author's prayerful petition directly expresses the theological belief that God can and should influence or guide human mental processes.
19,God bestows blessings upon those who identify as His servants.,Oh bless thy Servent servant,explicit,0.9,1832-11-27,personal journal,exact,,13957,13985,This invocation establishes a theological relationship where God is viewed as the source of blessings for those dedicated to His service.
20,Maintaining a detailed record of one's life and observations is a purposeful and significant activity.,for the purpose to keep a minute acount account of all things that come under my obsevation observation,inferred,0.8,1832-11-27,personal journal,exact,,13767,13870,The dedication of a specific 'Book for Record' to document 'all things' implies a philosophical commitment to the importance of historical preservation and personal accountability.
21,God is the source of mental serenity and peace.,"this This Evening evening my mind is calm and serene , for which I thank the Lord .",inferred,0.95,1832-11-28,Personal journal,exact,,14092,14175,"Joseph Smith attributes his internal state of calm to the Lord, which implies a theological principle that God is the source of spiritual and mental tranquility."
22,God has the power to preserve and spare human life.,the The Lord spare the life of thy servent servant.,inferred,0.95,1832-11-29,Personal journal,exact,,14750,14801,This prayerful petition implies a theological belief in God's sovereignty over mortality and his ability to intervene to preserve an individual's life.
23,Prophetic revelation can provide specific geographic and administrative direction for church leadership.,Brother Fr ederic Frederick G. Williams Frederick G. Williams Prophcyed prophesied tha t next spring I should go to the city of Pitts Burg Pittsburgh to establish a Bis hopwrick bishopric,inferred,0.9,1832-11-29,Personal journal,fuzzy,97.86096256684492,14465,14726,"By recording a prophecy regarding his future travels and the establishment of a bishopric, Smith implies an acceptance of the role of prophetic utterance in determining the geographic and administrative expansion of the church."
27,"Believers have a responsibility to share their personal witness of the gospel with those they encounter, including families and individuals.",bore Bore testmony testimony to him and Family family,inferred,0.8,1832-11-30,private journal,exact,,15021,15074,Smith’s immediate action of bearing testimony to those he encountered on his journey home illustrates the principle that personal witness is a primary and necessary method of gospel propagation.
25,The recording of divine revelation involves a process of writing and subsequent correction or refinement by the prophet.,wrote Wrote and cor rected revelations,inferred,0.85,1832-12-01,private journal,exact,,15167,15205,"Joseph Smith’s practice of correcting revelations suggests a theological framework where the prophetic process includes the human refinement of recorded divine communication rather than a static, one-time dictation."
26,The Sabbath is a day designated for communal worship and religious assembly.,the The sabath Sabbath. went Went to meeting,inferred,0.8,1832-12-02,private journal,exact,,15255,15299,"By specifically noting his attendance at a meeting because it was the Sabbath, Smith reinforces the theological principle of Sabbath-day assembly for worship."
24,Priesthood ordination is a physical act performed by the laying on of hands by one in authority.,ordaind Ordained Brothe r Brother Packherd Noah Packard with my own hands,inferred,0.9,1832-12-03,private journal,exact,,15348,15421,"The mention of ordaining 'with my own hands' identifies the physical act of laying on of hands as the method for conferring priesthood office, a practice Smith models here as the authorized leader."
28,God is the source of deliverance from temptation and the provider of wisdom and understanding to those who seek Him.,"Oh O Lord , deliver thy servent servant out of temtations temptations and fill his heart with wisdom and understanding .",explicit,0.95,1832-12-04,personal prayer,exact,,16028,16148,"This prayer directly articulates a theological belief in God's power to intervene in human moral struggles and intellectual development, framing God as the essential source of spiritual protection and insight."
29,The true meaning of scriptural parables is unlocked through modern divine revelation.,received a Revelation revelation explaining the Parable parable of the wheat and the tears tares,inferred,0.9,1833-10-04,church members,exact,,16525,16621,Joseph Smith's record of receiving a revelation specifically to explain a biblical parable implies the theological principle that ancient scripture requires contemporary revelation for correct interpretation.
30,The work of the ministry is to be conducted in companionships under the direction of a governing council.,ordered by the council that he should be a comp anion with Brothe r Brother Noah packard Packard in the work of the ministry,inferred,0.85,1833-10-04,church leadership,exact,,16329,16453,This administrative entry reflects the ecclesiastical principle of the 'law of witnesses' and the organizational necessity of council oversight in the assignment of missionary labor.
31,God is the divine agent who confirms or 'seals' the truth of a spiritual testimony upon the hearts of listeners.,"O God Seal , seal our te s timony to their hearts .",inferred,0.95,1833-10-05,God (in prayer),exact,,17510,17561,Joseph Smith's prayerful petition reflects a theological belief that the effectiveness of missionary preaching depends on divine intervention to validate the message within the recipient's soul.
32,The Sabbath is a designated day for believers to gather for communal worship and meetings.,arrived Arrived at Springfield Pennsylvania on the sabbath Sabbath . found Found the Brotheren brethren in mee ting .,inferred,0.85,1833-10-05,the brethren,exact,,17182,17299,"The narrative records the Saints gathering specifically on the Sabbath, which illustrates the early LDS principle of Sabbath-day assembly and communal religious observance."
33,Public preaching and speaking are primary methods for delivering religious instruction to a congregation.,Brother Sidney Rigdon spake spoke to the people,inferred,0.8,1833-10-05,meeting attendees,exact,,17301,17348,The recording of Sidney Rigdon's sermon as a central activity of the gathering highlights the importance of oral discourse and public teaching in the dissemination of the gospel.
34,Attentiveness and receptivity from a congregation are valued during the delivery of religious messages.,"had Had a great congre gation , paid good attention",inferred,0.75,1833-10-05,meeting attendees,exact,,17452,17503,Joseph Smith's specific observation of the audience's attention suggests that the quality of listening is a significant factor in the success and spiritual impact of a religious meeting.
35,God has the power to confirm and validate human testimony within the hearts of individuals.,"O God Seal , seal our te s timony to their hearts .",explicit,0.95,1833-10-05,God,exact,,17510,17561,"Joseph Smith's prayerful petition demonstrates a theological belief that divine power is required to 'seal' or confirm the truth of a testimony to an audience, making it a discrete principle of divine intervention in conversion."
36,"Inspired preaching and spiritual instruction are directed by the Holy Spirit, which provides the speaker with the words to say.",We spoke to them as the spirite Spirit gave utterence utterance.,explicit,0.95,1833-10-05,The brethren at Westfield,exact,,18039,18103,"The text explicitly attributes the content and delivery of the sermon to the 'utterance' provided by the Spirit, reflecting the doctrine that the Spirit provides the content and power for religious discourse."
37,The Lord bestows His Spirit in a marvelous manner during religious gatherings.,the The Lord gave his spirit Spirit in marvilous marvelous man n er,explicit,0.95,1833-10-05,large congregation,exact,,18755,18822,"Joseph Smith explicitly attributes the spiritual power felt during the meeting to the Lord's direct action, establishing a theological link between worship and divine manifestation."
38,The God of Abraham is the source of spiritual manifestations and the proper object of gratitude.,I am thankful to the god God of Ab r aham,explicit,0.9,1833-10-05,,exact,,18835,18876,"By specifically naming the 'God of Abraham,' Smith identifies the continuity of the biblical deity in modern spiritual experiences and establishes gratitude as the appropriate response to divine favor."
39,Divine protection and preservation should be sought through prayer for one's family.,"Lord , bless my family and preserve them .",inferred,0.85,1833-10-05,,exact,,18880,18922,Smith's prayerful petition implies a theological principle that God intervenes in the safety and well-being of families in response to faithful appeals.
40,The presence of the Lord is a necessary companion for safety and guidance during travel.,"Lord , be with us on our Journy journey.",inferred,0.85,1833-10-05,,exact,,19059,19099,This petition reflects the belief in divine providence and the necessity of God's presence to ensure the welfare of those engaged in His work while traveling.
41,Personal testimony (bearing record) is a distinct and essential accompaniment to the preaching of the gospel.,"Brother Sidney Rigdon preached , & and I bear bore record to the people .",inferred,0.8,1833-10-05,large congregation,exact,,18681,18754,"Smith distinguishes between the act of preaching (exposition) and bearing record (testimony), suggesting that the latter is a necessary spiritual witness to confirm the former."
42,The assurance of the Lord's presence contributes to an individual's mental and spiritual well-being.,I feel very well in my mind . the The Lord is with us,inferred,0.8,1833-10-05,,exact,,18438,18491,"Smith connects his positive state of mind to the realization of the Lord's presence, implying a theological principle regarding the source of internal peace."
43,Human intentions and future plans are subordinate to the will of God,"the Lord willing ,",inferred,0.9,1833-10-05,private journal,exact,,20688,20706,"The use of this phrase reflects the theological belief in divine providence, where human actions are only possible if they align with God's permission or intervention."
44,The effectiveness of spiritual instruction is contingent upon the audience's willingness to listen and give heed,gave good heed to the things which were spoken,inferred,0.8,1833-10-05,private journal,exact,,20368,20414,"Smith notes the audience's attentiveness as a key detail of the meeting's success, implying that 'giving heed' is a necessary response to the preaching of the gospel."
45,The purpose of missionary travel and preaching is to 'do good',prospects of doing good,inferred,0.75,1833-10-05,private journal,exact,,20579,20602,"Joseph Smith frames his missionary activities in Canada as an opportunity for 'doing good,' indicating a philosophical view of his ministry as a benevolent service to others."
46,Opposition to religious truth is often characterized by a lack of reason and knowledge.,destitute of reason or knawledge he knowledge.,inferred,0.85,1833-10-05,private journal entry,exact,,21051,21097,"Joseph Smith critiques his opponent not merely for disagreeing, but specifically for lacking reason and knowledge, implying that true religious discourse should be grounded in these attributes."
47,The success of missionary efforts and the accomplishment of 'great good' are dependent upon divine grant.,"O Lord , grant for thy names name’s sake.",explicit,0.9,1833-10-05,prayer recorded in journal,exact,,21322,21363,"Smith explicitly petitions God to grant success in Canada, showing a theological reliance on divine intervention for the progress of his work."
48,God possesses exclusive knowledge regarding whether an individual will ultimately accept the truth.,Whether he will receive the the truth the Lord only knows,explicit,0.95,1833-10-05,private journal entry,exact,,21584,21641,"Smith directly states that the certainty of an individual's conversion is known only to God, highlighting a principle of divine foreknowledge or discernment."
49,"Divine truth, when spoken by its authorized messengers, cannot be successfully withstood by those of other sects.",He could not stand against our words,inferred,0.8,1833-10-05,private journal entry,exact,,21536,21572,"Smith observes that a sectarian leader was unable to refute their message, suggesting a belief in the inherent power and irrefutability of the truth they preached."
50,The ultimate outcomes of religious efforts and missionary labors are governed by divine providence.,The result we leave in the hand of God.,explicit,0.95,1833-10-05,private journal,exact,,22385,22424,"Joseph Smith explicitly articulates a theological stance of surrendering the results of his ministry to God's control, reflecting a foundational belief in divine providence and sovereignty."
51,Baptism is the appropriate ordinance for individuals who have attained a full belief and conviction in the truth of the work.,"declared his full beleif belief in the truth of the work and is with his wife , who is also convinced , to be baptised baptized",inferred,0.85,1833-10-05,private journal,exact,,22154,22281,"The text records a specific instance of conversion that follows a doctrinal pattern: hearing the word, developing full belief and conviction, and then seeking the ordinance of baptism, implying this is the established theological order."
52,The Holy Spirit provides divine inspiration and utterance to those preaching the gospel,The spirit Spirit gave utterance .,explicit,0.95,1833-10-05,congregation at Mount Pleasant,exact,,22875,22909,"Joseph Smith explicitly attributes the power and content of the preaching to the Spirit, establishing a theological principle regarding the source of inspired communication."
53,The gift of the Holy Spirit is bestowed upon believers through the ritual of laying on of hands,laid on hands for the gift of the holy spirit Holy Spirit.,explicit,0.98,1833-10-05,new converts at Mount Pleasant,exact,,23482,23540,The text directly connects the physical act of laying on hands with the specific theological purpose of conferring the gift of the Holy Spirit.
54,The ordinance of breaking bread is a formal component of worship and communal fellowship,"We broke bread ,",inferred,0.85,1833-10-05,believers at Mount Pleasant,exact,,23465,23481,"While recorded as a narrative event, the inclusion of 'breaking bread' alongside confirmation and the gift of the Spirit indicates its status as a formal religious ordinance (the Sacrament)."
55,Baptism is the required initiatory ordinance for those who desire to follow the word of God,"Twelve came forward and was were baptized ,",inferred,0.9,1833-10-05,congregation at Mount Pleasant,exact,,23186,23229,"The narrative identifies baptism as the immediate and necessary response for those 'deeply impressed' by the word, establishing it as the standard practice for conversion."
56,The establishment of divine truth among a people is a work dependent upon God's power,"O God , esta b lish thy word among this people",inferred,0.8,1833-10-05,,exact,,22724,22770,This prayerful petition reflects the underlying theological principle that the success of the gospel and its permanence in a community require divine intervention.
57,The gift of the Holy Spirit is bestowed through the laying on of hands.,laid on hands for the gift of the holy spirit Holy Spirit.,explicit,0.95,1833-10-05,meeting attendees,exact,,23482,23540,Joseph Smith describes the specific ritual action (laying on of hands) as the mechanism for conferring the gift of the Holy Spirit.
58,"The Holy Spirit manifests in varying ways, including feelings of power and feelings of peace.","The spirit Spirit was given in great power to some , and the rest had great peace",explicit,0.9,1833-10-05,meeting attendees,exact,,23571,23652,"Smith identifies two distinct ways the Spirit was experienced by the participants, establishing a theological observation on the diversity of spiritual manifestations."
59,The ultimate objective of God's work is for all people to gain a knowledge of Him.,May God carry on his work in this place till until all shall know him,inferred,0.85,1833-10-05,,exact,,23660,23729,"This prayer expresses a teleological view of divine work, suggesting that the intended end-state of missionary and spiritual efforts is universal knowledge of God."
60,"Spiritual gifts, such as the gift of tongues, serve to bring joy to the community of believers.",One of the sisters got the gift of toungues tongues which made the saints Saints rejoice,inferred,0.85,1833-10-05,meeting attendees,exact,,24050,24138,Smith records a causal relationship between the manifestation of a spiritual gift and the collective rejoicing of the church members.
61,God increases the presence of spiritual gifts among believers for the sake of Jesus Christ.,May God increse increase the gifts among them for his sons Son’s sake,inferred,0.8,1833-10-05,,exact,,24146,24215,The prayer identifies the theological rationale for the distribution of spiritual gifts as being rooted in the merits or person of the Son.
62,God increases spiritual gifts for the sake of Jesus Christ,May God increse increase the gifts among them for his sons Son’s sake,explicit,0.9,1833-10-05,personal journal,exact,,24146,24215,"Joseph Smith explicitly petitions God to increase spiritual gifts, grounding the request in the merits of the Son (Jesus Christ), which establishes a theological link between Christ's mediation and the distribution of spiritual endowments."
63,God fulfills specific promises made to individuals regarding the safety of their families,found Found my family all well according to the promise of the Lord,explicit,0.95,1833-10-05,personal journal,exact,,24726,24793,"Smith records the fulfillment of a specific divine promise regarding his family's health, teaching the principle that God is a promise-keeping being who intervenes in personal circumstances."
64,Human safety and well-being are blessings from God that merit gratitude,for which blessings I feel to thank his holy name,inferred,0.9,1833-10-05,personal journal,exact,,24798,24847,"By categorizing the health of his family as 'blessings' and expressing a feeling of thanks to God's 'holy name,' Smith models the principle that divine favor is the source of human welfare and requires a response of gratitude."
65,Divine providence can be invoked to ensure the success of a journey,May the Lord prosper our journey,inferred,0.85,1833-10-05,personal journal,exact,,24271,24303,The prayerful petition for the Lord to 'prosper' a journey implies a theological belief in God's active governance over physical travel and human endeavors.
66,"Celestial phenomena, such as falling stars, constitute a literal fulfillment of scriptural prophecy.",a litteral fullfillment literal fulfillment of the word of God as recorded in the holy scriptures,explicit,0.95,1833-10-05,personal journal,exact,,25331,25428,"Joseph Smith explicitly identifies the astronomical event of falling stars as the literal realization of biblical prophecy, reflecting a belief in the direct correlation between nature and scripture."
67,Signs in the heavens serve as certain indicators that the Second Coming of Christ is imminent.,a sure sign that the coming of Christ is clost close at hand,explicit,0.95,1833-10-05,personal journal,exact,,25433,25493,"Smith interprets the 1833 meteor shower as a definitive indicator of the proximity of Christ's return, linking natural signs to eschatological timelines."
68,God's works are marvelous and evoke a duty of gratitude and recognition of His mercy.,"how marvellous marvelous are thy works , Oh O Lord , and I thank thee for thy me r cy unto me",explicit,0.85,1833-10-05,personal journal,exact,,25502,25595,Smith expresses a theological view of God's providence and the appropriate human response of gratitude for divine mercy in the face of miraculous events.
69,Salvation in the kingdom of God is sought through the mediation and merits of Jesus Christ.,save me in thy kingdom for Christ ’s sake,explicit,0.9,1833-10-05,personal journal,exact,,25633,25674,"This prayerful petition reflects the theological principle that salvation is contingent upon Christ's role or merits, a core tenet of Smith's soteriology."
70,Salvation in the kingdom of God is sought through the merits or sake of Jesus Christ.,"O Lord , save me in thy kingdom for Christ ’s sake .",explicit,1.0,1833-10-05,Personal prayer,exact,,25624,25676,"Joseph Smith's prayer directly identifies Christ as the basis upon which he petitions for salvation in God's kingdom, reflecting a core soteriological principle."
71,"In times of sorrow, an individual should place their trust in God.","feel to trust in the Lord , the god God of Jacob",inferred,0.85,1833-10-05,Personal journal,exact,,25943,25991,"Smith describes his personal response to a 'sorrowful' heart as a feeling of trust in God, modeling a theological principle of reliance on Deity during emotional distress."
72,"Humanity is generally characterized by treachery and selfishness, with very few exceptions.","man is trecheous treacherous and selfish , but few excep ted",explicit,0.95,1833-10-05,Personal journal,exact,,26030,26090,This is a direct philosophical assertion about the nature of mankind based on Smith's observations and experiences.
73,A President of the Church of Christ is expected to possess a pure and steadfast love for those who support and benefit the work.,pure and stedfast steadfast love for those who are his benefa ctors as should possess the breast of a Presedent president of the chu r ch Church of Christ,explicit,0.95,1833-10-05,Personal journal,exact,,26165,26319,Smith explicitly defines a character requirement and moral standard for the specific office of President of the Church.
74,Selfishness and an overly independent spirit in a leader can destroy the confidence and loyalty of their followers.,"selfish and indipendance of independent mind which , to o often manifest distroys , destroys the confidence of those who would lay down their lives for him",explicit,0.9,1833-10-05,Personal journal,exact,,26373,26528,Smith identifies a causal relationship between specific personality flaws in a leader and the erosion of the deep trust required for followers to be willing to sacrifice their lives.
75,God provides support to individuals contingent upon their continued faithfulness to their divine calling.,He is a man whom god God will uphold if he will continue faithful to his calling .,explicit,0.95,1833-10-05,Frederick G. Williams,exact,,26715,26797,Joseph Smith articulates a theological condition for divine sustenance related to one's religious duties and personal fidelity.
76,It is a moral duty to praise the virtues of those who intend to do good rather than criticizing their faults in their absence.,"the The man who willeth to do well , we should extall extol his virtues and speak not of his faults behind his back a .",explicit,0.95,1833-10-05,,exact,,26861,26980,This is a clear ethical instruction on interpersonal communication and the proper way to judge and discuss the character of others.
77,Abandoning a friendship willfully and without justification is a grave transgression that is difficult to forgive.,A man w ho willfuly willfully turneth away from his friend without a cause is not easily forgiven.,explicit,0.95,1833-10-05,,exact,,26982,27080,Smith defines the moral gravity and social consequences of disloyalty in personal relationships.
78,Human kindness should be held in perpetual remembrance.,the The kindness of a man should never be forgotten that .,explicit,0.95,1833-10-05,,exact,,27081,27139,This is a philosophical assertion about the enduring value of benevolent acts and the necessity of gratitude.
79,Individuals who remain faithful to their trusts should be held in the highest regard and receive ever-increasing love.,"That person who never forsaketh his trus t should ever have the hi ghest place for regard in our hearts , and our love shou ld never fail but incr ease more and more",explicit,0.95,1833-10-05,,exact,,27141,27306,This establishes a principle of rewarding loyalty and integrity with social and emotional devotion.
80,Individuals should seek with all their heart to magnify their callings or offices within the church.,seeks with all his heart to mag nify his presidency in the church Church of ch r ist Christ,explicit,0.95,1833-10-05,Frederick G. Williams,exact,,27770,27861,"Joseph Smith identifies the effort to 'magnify' a specific presidency as a virtuous pursuit, establishing the principle of diligence and expansion of one's ecclesiastical office."
81,A lack of self-confidence can lead to failure in fulfilling one's ecclesiastical responsibilities.,"fails in many in stances , in consequence of a want of confidence in him self",explicit,0.9,1833-10-05,Frederick G. Williams,exact,,27868,27945,"Smith explicitly links the failure to perform duties to a psychological or spiritual state, specifically a lack of self-confidence."
82,"Divine blessings and favor can extend to an individual's posterity, causing future generations to flourish.",his generation after him shall flourish,explicit,0.85,1833-10-05,Frederick G. Williams,exact,,28073,28112,This reflects the theological concept of generational or patriarchal blessings where the righteousness or status of an individual impacts the prosperity of their descendants.
83,The Lord appoints specific lands of inheritance for the faithful in Zion.,The Lord hath ap pointed him an inheritance upon the land of Zion,explicit,0.95,1833-10-05,Frederick G. Williams,exact,,28115,28180,This is a core early Latter-day Saint theological tenet regarding the literal gathering and the distribution of land as a divine inheritance for the righteous.
84,A constant and steady mind is a virtuous trait that leads to success and influence.,is ever wining winning because of his constant mind,inferred,0.8,1833-10-05,Frederick G. Williams,exact,,27584,27635,"Smith attributes the success of an individual to the specific mental and spiritual attribute of a 'constant mind,' suggesting it as a desirable principle of character."
85,Divine correction and the endurance of burdens are means by which an individual learns the Lord's will.,that learneth his master’s will by the stroke of the rod,explicit,0.95,1833-10-05,Sidney Rigdon,exact,,28538,28594,"The text explicitly states that the 'master's will' is learned through the 'stroke of the rod,' establishing a theological link between discipline and spiritual understanding."
86,"The Lord extends mercy to those who have been disciplined, enabling them to become spiritually productive.","Yet the Lord will have mercy on him, and he shall bring forth much fruit",explicit,0.9,1833-10-05,Sidney Rigdon,exact,,28621,28693,"The passage promises that following a period of being 'bowed down,' the Lord's mercy will result in the individual bringing forth 'much fruit,' suggesting a cycle of correction followed by grace and productivity."
87,God provides joy and guidance through the agency of others who assist those in distress.,the Lord shall make his heart merry as with sweet wine because of him who putteth forth his hand and lifteth him up out of deep mire,inferred,0.85,1833-10-05,Sidney Rigdon,exact,,28827,28959,"The text describes the Lord bringing joy to an individual specifically because of the actions of another person who 'lifteth him up,' implying that God uses human instruments to provide relief and direction."
88,The Lord actively humbles individuals to correct their pride.,and humbleth him in his pride.,explicit,0.95,1833-10-05,Sidney Rigdon,exact,,29033,29063,The text directly attributes the act of humbling an individual in their pride to the Lord's guidance and intervention.
89,Divine blessings can extend to an individual's posterity.,Blessed are his generations.,explicit,0.95,1833-10-05,Sidney Rigdon,exact,,29065,29093,"This is a direct declaration that the scope of the blessing includes the individual's future descendants, a common theme in Smith's theological blessings."
90,The posterity of the righteous are blessed.,Blessed are his generations.,explicit,0.9,1833-10-05,Private journal entry,exact,,29065,29093,"This is a direct pronouncement of blessing upon a lineage or group of descendants, establishing a theological link between an individual's standing and the favor shown to their posterity."
91,Those who have strayed from the fold will be actively sought out and returned.,"one shall hunt after them as a man hun teth after an ass that hath strayed in the wilderness , & and straitway straightway findeth him and bringeth him into the fold.",explicit,0.95,1833-10-05,Private journal entry,exact,,29109,29275,"Joseph Smith uses a metaphor to describe the active, diligent effort required to find and reclaim those who have wandered away from the faith or community."
92,The Lord watches over specific generations to ensure their salvation.,Thus shall the Lord watch over his generation that they may be saved,explicit,0.95,1833-10-05,Private journal entry,exact,,29277,29345,This statement directly attributes the action of divine oversight to the Lord with the specific theological objective of achieving salvation for a particular generation.
93,Prayer to God should be offered in the name of Jesus.,I ask God in the name of Jesus,explicit,0.95,1833-10-05,God,exact,,30342,30372,Joseph Smith models the theological practice of petitioning the Father through the mediation of Jesus Christ.
94,The word of God is intended to be disseminated to all nations of the earth.,his word may speedely speedily go for th t o the Nations nations of the earth,explicit,0.95,1833-10-05,God,exact,,30422,30499,Smith expresses a clear theological objective regarding the universal scope and global reach of divine revelation.
95,The restoration of the house of Israel is a primary objective of God's work.,his great work in bringing about the restoration of the house of Israel,explicit,0.98,1833-10-05,God,exact,,30524,30595,Smith identifies the restoration of Israel as the specific outcome and purpose of God's 'great work' in the latter days.
96,Temporal labors dedicated to the gospel require divine establishment to succeed.,I ask God in the name of Jesus to estab lish it for ever forever,inferred,0.85,1833-10-05,God,exact,,30342,30406,"By praying for God to establish the printing business, Smith implies that institutional or professional efforts in the service of the gospel depend on divine sanction and permanence."
97,Physical tools and property used for religious purposes should be formally dedicated to God.,dedicate the printing press and all that per tains thereunto to God,explicit,0.95,1833-10-05,Elders assembled in the printing office,exact,,31260,31327,"The text records a formal ritual of dedication for a piece of machinery (the printing press), establishing the principle that secular objects can and should be consecrated for divine service."
98,"Approaching God in prayer or dedication involves physical expressions of humility, such as bowing.",proceded to bow down before the Lord,explicit,0.9,1833-10-05,Elders assembled in the printing office,fuzzy,97.22222222222221,31211,31261,"Joseph Smith records the specific physical action of bowing as a precursor to the dedication, indicating that outward signs of humility are part of the theological practice of consecration."
99,Religious acts and dedications are validated through the confirmation of multiple witnesses or priesthood leaders.,confirmed by bro Brothers Sidney Rigdon and Hyrum Smith,inferred,0.8,1833-10-05,Elders assembled in the printing office,exact,,31351,31406,The inclusion of specific names to 'confirm' the act performed by Joseph Smith suggests a theological or procedural requirement for witnesses to validate a dedication.
100,Individuals must forsake evil to escape the buffetings of the adversary.,there are are two evils in him that he must needs for sake or he cannot altogeth er escape the buffettings buffetings of the advers ar y,explicit,0.95,1833-10-05,Oliver Cowdery,exact,,31621,31757,Joseph Smith explicitly links the presence of un-forsaken evil to the inability to escape spiritual opposition or 'buffetings' from the adversary.
101,Divine forgiveness is conditional upon the act of forsaking one's sins.,"If he shall forsak forsake these evils , he shall be forgiven",explicit,0.95,1833-10-05,Oliver Cowdery,exact,,31764,31825,The text establishes a clear conditional relationship ('If... then') between the action of forsaking evil and the reception of forgiveness.
102,Constancy and steadfastness in the work of the Lord result in divine blessings.,he is blessed of the Lord for his constancy and steadfastness in the work of the Lord,explicit,0.9,1833-10-05,Oliver Cowdery,exact,,31974,32059,Smith identifies specific character traits—constancy and steadfastness—as the direct cause for being 'blessed of the Lord.'
103,Faithfulness to God can secure spiritual promises and protection for one's posterity.,"he shall be blessed in his generation , and they shall never be cut off",explicit,0.85,1833-10-05,Oliver Cowdery,exact,,32084,32155,"This reflects the theological principle that individual righteousness can result in blessings that extend to future generations, ensuring they are not 'cut off.'"
104,God can transform a forgiven individual into a sign and an ensign to the nations.,He shall be a sign and an ensign unto the nations,explicit,0.9,1833-10-05,Oliver Cowdery,exact,,31907,31956,"The text suggests that through forgiveness and divine favor, an individual can be appointed to a status where they serve as a symbolic standard or 'ensign' for the world."
105,"Faithfulness results in generational blessings, protection from being cut off, and deliverance from troubles.","he shall be blessed in his generation , and they shall never be cut off , and he shall be helped out of many troubles and .",explicit,0.9,1833-10-05,family members and private record,exact,,32084,32207,Joseph Smith explicitly states that the subject will receive blessings for their posterity and divine assistance in times of trouble as a result of their standing.
106,Obedience to divine commandments and counsel leads to a glorious rest.,if he keep s the command ments and harken hearkens unto the council counsel of the Lord his rest shall be glorious .,explicit,0.98,1833-10-05,family members and private record,exact,,32213,32329,The text presents a conditional promise where keeping commandments and listening to God's counsel directly results in the theological reward of a 'glorious rest'.
107,Redemption is found within the house of the Lord.,"they shall yet find redemption in the house of the Lord ,",explicit,0.95,1833-10-05,family members and private record,exact,,32440,32497,Joseph Smith identifies the 'house of the Lord' (temple) as the specific location or means through which individuals obtain redemption.
108,"Posterity is intended to be a source of blessing, joy, and comfort to their parents.","their of f spring s shall be a blessing , a Joy joy, and a comfort unto them blessed .",explicit,0.92,1833-10-05,family members and private record,exact,,32502,32588,This statement defines the spiritual and emotional purpose of children within the family unit from a theological perspective.
109,Benevolence and philanthropy are virtues associated with receiving divine strength and eternal life.,"her soul is ever fill ed with benevolence and phylanthropy philanthrophy, and notwithstanding her age yet she shall receive strength and shall be comferted comforted in the midst of her house , and she shall have eternal life and .",inferred,0.85,1833-10-05,family members and private record,exact,,32617,32848,"While framed as a blessing to his mother, the text logically entails that these specific virtues (benevolence and philanthropy) are characteristics that lead to or are rewarded with eternal life and divine support."
110,Divine providence can bring an end to the afflictions of one's children.,"the hand of the Lord shall be over him , for he shall see the affliction of his children pass away and .",explicit,0.88,1833-10-05,family members and private record,exact,,32881,32985,"The text attributes the removal of a family's suffering to 'the hand of the Lord,' establishing a principle of divine intervention in family afflictions."
111,The Lord provides divine protection and relief from family afflictions to those under His care.,"And blessed is my father , for the hand of the Lord shall be over him , for he shall see the affliction of his children pass away and .",explicit,0.95,1833-10-05,Joseph Smith Sr.,exact,,32850,32985,Joseph Smith explicitly attributes the removal of family suffering to the 'hand of the Lord' being over the individual.
112,A life of righteousness results in a fruitful and abundant legacy in one's later years.,And when his head is fully ripe he shall behold himself as an olive tree whose bran ches are bowed down with much fruit he .,inferred,0.85,1833-10-05,Joseph Smith Sr.,exact,,32987,33111,The metaphor of the olive tree with much fruit represents the spiritual and familial abundance resulting from a life of faith as one reaches old age.
113,The righteous are promised a heavenly dwelling or mansion in the afterlife.,He shall also possess a mansion on high blessed .,explicit,0.98,1833-10-05,Joseph Smith Sr.,exact,,33113,33162,The text directly promises a 'mansion on high' as a consequence of being blessed by the Lord.
114,Integrity of heart is a virtue that merits divine favor and blessing.,Blessed of the Lord is my brothe r Hyram Hyrum for the integrity of his heart he .,explicit,0.95,1833-10-05,Hyrum Smith,exact,,33164,33246,"The blessing is explicitly predicated on the 'integrity of his heart,' establishing a causal link between internal character and divine approval."
115,Truth and faithfulness serve as a source of spiritual power and personal strength.,"He shall be girt about with truth , and faithful ness shall be the strength of his loins .",explicit,0.95,1833-10-05,Hyrum Smith,exact,,33248,33338,Joseph Smith uses the imagery of being 'girt' and 'strength of loins' to describe how truth and faithfulness empower the individual.
116,God utilizes faithful individuals as instruments to execute His judgments across generations.,from From generation to generation he shall be a shaft in the hand of his God to exicute Judgment execute judgment upon his enemies,explicit,0.92,1833-10-05,Hyrum Smith,exact,,33339,33470,The text describes a faithful person as a 'shaft in the hand of his God' specifically for the purpose of executing judgment.
117,The Lord provides divine protection to shield the faithful from being exposed to harm by their enemies.,he shall be hid by the hand of the Lord that none of his secret parts shall be discovered unto his hu r t his .,explicit,0.9,1833-10-05,Hyrum Smith,exact,,33477,33588,This teaches that God actively intervenes to 'hide' or protect the individual from malicious exposure or discovery that would cause hurt.
118,The memory and name of a righteous individual are regarded as a source of blessing by others.,His name shall be accounted a blessing among men and .,explicit,0.88,1833-10-05,Hyrum Smith,exact,,33590,33644,This principle suggests that the reputation of the faithful becomes a communal blessing to humanity.
119,Turning one's mind toward God during periods of intense tribulation provides a shield against the power of Satan.,"And when he is in trouble and great tribulation hath come upon him , he shall remember the God of Jacob and he will shield him from the power of satan Satan and .",explicit,0.98,1833-10-05,Hyrum Smith,exact,,33646,33808,The text explicitly links the act of 'remembering the God of Jacob' during trouble to receiving a 'shield' against 'the power of satan.'
120,Remembering God during times of tribulation provides divine protection from the power of Satan.,"when he is in trouble and great tribulation hath come upon him , he shall remember the God of Jacob and he will shield him from the power of satan",explicit,0.95,1833-10-05,Samuel Smith,exact,,33650,33796,The text explicitly states that the act of remembering God during trials results in being shielded from Satan's power.
121,Receiving counsel in the house of the Most High strengthens an individual's hope.,he shall receive councel counsel in the house of the most high Most High that he may be streng t hened in hope,explicit,0.95,1833-10-05,Samuel Smith,exact,,33814,33924,The text identifies the house of God as a place for receiving counsel that leads to the strengthening of hope.
122,God matures the judgment of those appointed to teach in His house.,the Lord shall ma ture his mind in Judgment judgment,explicit,0.9,1833-10-05,Samuel Smith,exact,,34207,34259,"In the context of being made a teacher in the house of the Lord, the text states that God will mature the individual's judgment."
123,Answers to prayer are obtained through an individual's faithfulness.,he shall obtain answ er to prayer in his faithfulness,explicit,0.95,1833-10-05,Samuel Smith,exact,,34428,34481,The text explicitly links the reception of answers to prayer to the quality of faithfulness.
124,Divine counsel and sacred instruction establish an individual's life path permanently.,that the goings of his feet may be established for ever blessed forever.,inferred,0.85,1833-10-05,Samuel Smith,exact,,33927,33999,The text suggests that the purpose of receiving counsel in the house of the Most High is to ensure one's path is permanently established and blessed.
125,Faithfulness is the prerequisite for receiving answers to prayer.,he shall obtain answ er to prayer in his faithfulness — .,explicit,0.95,1833-10-05,private journal entry regarding family and prophecy,exact,,34428,34485,Joseph Smith directly attributes the ability to obtain answers from God to the individual's attribute of faithfulness.
126,Pride leads an individual to neglect essential spiritual and moral duties.,in the pride of his heart he will neglect the more weighty matters,explicit,0.95,1833-10-05,private journal entry regarding family and prophecy,exact,,34612,34678,"Smith identifies pride as the internal causal factor that results in the neglect of 'weighty matters,' a term typically referring to core religious obligations."
127,The neglect of spiritual duties eventually results in soul-deep sorrow.,neglect the more weighty matters until his soul is bowed down in sorrow,explicit,0.95,1833-10-05,private journal entry regarding family and prophecy,exact,,34646,34717,The text describes a chronological and causal progression where spiritual neglect leads to a state of being 'bowed down' in sorrow.
128,Divine forgiveness is found by returning to God and calling upon His name.,re turn and call on th e name of his God and shall find forgivness,explicit,0.95,1833-10-05,private journal entry regarding family and prophecy,exact,,34743,34809,Smith explicitly outlines the actions of returning and calling upon God as the means by which an individual finds forgiveness.
129,The experience of divine forgiveness empowers an individual to become spiritually valiant.,shall find forgivness forgiveness and shall wax valient therefor valiant.,explicit,0.9,1833-10-05,private journal entry regarding family and prophecy,exact,,34788,34861,"The text suggests that once forgiveness is obtained, the individual 'waxes valiant,' implying that reconciliation with God provides spiritual strength."
130,Repentance and divine forgiveness lead to being saved to the uttermost.,he shall be saved unto the ut ter most uttermost,inferred,0.9,1833-10-05,private journal entry regarding family and prophecy,exact,,34873,34921,The word 'Therefore' at the start of this sentence in the source text links the previous discussion of repentance and forgiveness to the ultimate result of total salvation.
131,Righteousness involves being fearless in avenging the wrongs of the innocent and relieving the oppressed.,Fearless and unda u nted shall they be in battle in avenging the rongs wrongs of th e innocent and relieving the oppressed,explicit,0.9,1833-10-05,private journal entry regarding family and prophecy,exact,,35132,35254,Smith characterizes a righteous generation as being defined by their fearless commitment to justice for the innocent and relief for the oppressed.
132,Righteous individuals have a duty to be fearless in defending the innocent and relieving the oppressed.,Fearless and unda u nted shall they be in battle in avenging the rongs wrongs of th e innocent and relieving the oppressed,explicit,0.9,1833-10-05,private journal/posterity,exact,,35132,35254,"Joseph Smith explicitly describes the character and actions of those who stand against oppression, framing it as a moral or prophetic expectation."
133,God's blessings can remain with a household despite the personal rebellion of an individual within that house.,"the blessings of the God of Jacob shall be in the midst of his house , notwithstan ding his rebelious rebellious heart",explicit,0.95,1833-10-05,private journal/posterity,exact,,35277,35395,This statement suggests a theological principle where covenant blessings or divine favor can persist in a family context even when a specific member is in a state of rebellion.
134,"Salvation and a place in God's kingdom are achieved by being established upon a firm spiritual foundation, referred to as the 'rock of ages.'","establish their feet upon the rock of ages , that they may have place in thy house and be saved in thy Kingdom",explicit,0.95,1833-10-05,prayer to God,exact,,35562,35672,"Smith links the act of being established on the 'rock of ages' directly to the outcome of being saved in the Kingdom of God, defining a requirement for salvation."
135,Intercessory prayer can be used to petition God for the protection and remembrance of one's kindred.,let the residue of my father ’ s house ever come up in remembrance before thee that thou mayest save them from the hand of the oppressor,inferred,0.85,1833-10-05,prayer to God,exact,,35421,35557,"While framed as a personal prayer, the text demonstrates the principle that an individual can appeal to God to intervene on behalf of their family's physical and spiritual safety."
136,Petitions and prayers to God are offered through the mediation or for the sake of Jesus Christ.,And let all these things be even as I have said for Christs Christ’s sake,explicit,1.0,1833-10-05,prayer to God,exact,,35686,35759,"This reflects the theological principle of Christocentric prayer, where the validity or appeal of the petition is based on Christ."
137,Divine blessings for the community of Zion are likened to or delivered by heavenly messengers.,"may God grant it , a blessing for Zion , as a kind Angel angel from heaven",inferred,0.8,1833-10-05,private journal,exact,,36027,36101,"Smith equates the arrival of a blessing or specific news for Zion with the nature of an angelic visitation, suggesting a theology of how God communicates favor to His people."
138,God provides physical safety and protection to individuals and their families in response to prayer.,"O Lord , keep us and my Family family safe untill until I can return to them again .",inferred,0.85,1833-10-05,private journal,exact,,36257,36341,The act of petitioning God for safety implies a theological belief that God intervenes in physical safety based on prayer.
139,Divine mercy is sought and granted through the mediation and sake of Jesus Christ.,have mer cy on my Bretheren brethren in Zion for Christ Sake ’s sake.,inferred,0.95,1833-10-05,private journal,exact,,36357,36426,The use of 'for Christ's sake' as a plea for mercy reflects the foundational principle of intercession through the merits of Jesus Christ.
140,"Collective, unified prayer among believers is a recognized practice for seeking specific divine blessings.",united in prayer and asked the Lord to grant the fol lowing petition,inferred,0.8,1833-10-05,prayer circle of church leaders,exact,,36606,36674,The description of multiple leaders uniting to offer specific petitions suggests a principle regarding the efficacy of group consensus in spiritual matters.
141,God provides divine oversight and watchfulness over individuals.,watch over our per sons,inferred,0.85,1833-10-05,prayer circle of church leaders,exact,,36777,36800,Asking God to 'watch over' individuals implies a belief in personal divine providence and oversight.
142,God may assign angels to protect and watch over individuals and their families.,give his angels cha rge concerning us and our families,inferred,0.95,1833-10-05,prayer circle of church leaders,exact,,36805,36859,The request for angels to have 'charge' over people is a direct reference to the doctrine of angelic protection and ministry.
143,God has the power to protect individuals from unseen or spiritual evils.,no evil nor un seen hand might be permitted to harm us,inferred,0.85,1833-10-05,prayer circle of church leaders,exact,,36867,36921,This petition implies a belief in the existence of hidden or spiritual threats and God's ability to restrain them.
144,Human life is of significant value and is considered precious by God.,That that the Lord would grant that our lives might be precious in his sight,inferred,0.9,1833-10-05,prayer circle of church leaders,exact,,36685,36761,The desire for lives to be 'precious' in God's sight reflects a theological view on the inherent value of human life from a divine perspective.
145,God has the power to preserve the lives of those dedicated to His work.,"That that the Lord would also hold the lives of all the United Firm , and not suffer that any of them shall be taken.",inferred,0.85,1833-10-05,prayer circle of church leaders,exact,,36934,37051,This petition assumes God's sovereignty over the timing of death and His ability to protect a specific group engaged in His service.
146,God has the power to preserve the lives of those engaged in His work.,"the Lord would also hold the lives of all the United Firm , and not suffer that any of them shall be taken.",inferred,0.9,1833-10-05,Participants in a prayer circle,exact,,36944,37051,This petition reflects a theological belief in divine protection and God's sovereignty over life and death for those in His service.
147,God can influence civil authorities and courts to ensure that justice is administered.,"the Lord would fill the heart of the Court court with a spirit to do justice , and cause that the law of the land may be magnified in bringing him to justice.",inferred,0.85,1833-10-05,Participants in a prayer circle,exact,,37293,37451,The request for God to 'fill the heart of the Court' implies a principle that divine influence can extend to secular legal systems to achieve righteous outcomes.
148,The Church relies on divine providence to obtain the means necessary to settle its financial obligations.,"the Lord would provide, in the order of his Providence providence , the bishop of this Church church with means sufficient to discharge every debt that the Firm owes",inferred,0.9,1833-10-05,Participants in a prayer circle,exact,,37473,37638,"By praying for 'means sufficient' through 'Providence,' the text establishes a theological dependence on God for the temporal financial needs of the Church."
149,The failure of the Church to meet its financial obligations brings the institution into disrepute and leads to the affliction of its members.,"discharge every debt that the Firm owes, in due season, that the Church church may not be braught brought into disrepute , and the saints Saints be afflicted by the hands of their enemies.",explicit,0.95,1833-10-05,Participants in a prayer circle,exact,,37599,37787,"The text directly states the negative consequences (disrepute and affliction) of not paying debts, framing financial integrity as a protective principle for the community."
150,God provides the resources necessary for the global dissemination of the gospel.,"give us means to send forth his word, even his gos pel , that the ears of all may hear it",explicit,0.95,1833-10-05,private prayer group,exact,,37883,37972,Joseph Smith's prayer expresses the theological belief that God is the source of the 'means' required to ensure the gospel reaches a global audience.
151,The publication of scripture is intended to enlighten human understanding and reveal truth.,"print his scrip tures; and also that he would give those who were appointed to con duct the press , wisdom sufficient that the cause may not be hindered, but that men’s eyes may thereby be opened to see the truth.",explicit,0.95,1833-10-05,private prayer group,exact,,37995,38208,The text explicitly links the printing of scriptures and the wisdom of those conducting the work to the outcome of opening people's eyes to the truth.
152,Divine wisdom is granted to those appointed to manage the work of the Lord.,"he would give those who were appointed to con duct the press , wisdom sufficient that the cause may not be hindered",explicit,0.9,1833-10-05,private prayer group,exact,,38032,38147,This reflects the principle that God provides specific intellectual or spiritual capacity ('wisdom') to individuals called to specific ecclesiastical or administrative tasks.
153,The Lord will deliver Zion and gather His scattered people into a state of peace.,"the Lord would deliver Zion , and gather in his scattered people , to possess it in peace",explicit,1.0,1833-10-05,private prayer group,exact,,38229,38318,This is a core eschatological principle in Smith's theology regarding the literal gathering of believers and the redemption of a specific location called Zion.
154,God provides physical protection and sustenance for His people during periods of displacement or trial.,"while in their dispersion, that he would provide for them that they perish not with hunger nor cold.",explicit,0.95,1833-10-05,private prayer group,exact,,38330,38430,The prayer articulates a belief in God's providence over the physical needs (food and warmth) of the faithful even when they are scattered or in difficult circumstances.
155,The gathering of the elect is accomplished through the name and authority of Jesus.,God in the name of Jesus would gather his elect speedily,explicit,0.95,1833-10-05,private prayer group,exact,,38450,38506,This principle identifies the Christocentric nature of the gathering of the 'elect' in Latter-day Saint theology.
156,The ultimate destiny of the faithful is to behold God's glory and dwell in His presence.,unveil his face that his saints Saints might behold his glory and dwell with him,explicit,1.0,1833-10-05,private prayer group,exact,,38513,38593,This statement defines the final goal of the Saints' spiritual journey: a literal return to God's presence and the visual manifestation of His glory.
157,Priesthood ordination is conferred through the laying on of hands.,He was ordained to the office of an elder in this Church church under the hand of Sidney Rigdon,inferred,0.9,1833-10-05,personal journal,exact,,38785,38880,"The phrase 'under the hand' describes the physical procedure of ordination, establishing the principle that priesthood offices are conferred through the laying on of hands by one with authority."
158,The Church utilizes a tiered system of ecclesiastical councils to adjudicate matters of discipline and membership standing.,"He was tried before a counsel council of high priests on the 21 st day of June , 1833 , and his license re stored to him again, he previously having been cut off from the Church church by the bishop’s court .",inferred,0.95,1833-10-05,personal journal,exact,,39150,39358,"The mention of both a 'bishop’s court' and a 'council of high priests' as bodies capable of cutting off or restoring members demonstrates the principle of an organized, hierarchical system of church discipline."
159,Priesthood authority and church membership can be restored to an individual after they have been disciplined or removed from the church.,"his license re stored to him again, he previously having been cut off from the Church church",inferred,0.9,1833-10-05,personal journal,exact,,39242,39334,The restoration of Hurlbut's license after he was 'cut off' illustrates the theological principle that church standing and authority are not necessarily permanently lost but can be regained through established procedures.
160,The Lord exercises mercy to deliver His servants and the church from those who seek their destruction.,the Lord has in his mercy Delivered delivered me out of his hand . till until the present and also the church,inferred,0.9,1833-10-05,private journal,exact,,39623,39732,"Joseph Smith attributes the survival of himself and the church to the mercy of the Lord, establishing a theological principle of divine protection against those seeking the destruction of the Saints."
161,Individuals should offer heartfelt gratitude to Almighty God for His acts of divine deliverance.,I off e r the gratitud gratitude of my heart to Allmighty Almighty God for the sam e,inferred,0.85,1833-10-05,private journal,exact,,39817,39901,Smith models the religious principle that divine intervention and protection necessitate a formal and sincere expression of gratitude to the Almighty.
162,Unity among believers is a spiritual prerequisite for effective collective prayer.,being agre e d and united in pray prayer,inferred,0.9,1833-10-05,Oliver Cowdery and Frederick G. Williams,exact,,40042,40082,"Joseph Smith records that the group was 'agreed and united' before presenting their petitions to God, implying that this state of harmony is a necessary or ideal condition for seeking divine intervention."
163,God has the power to influence and soften human hearts to make them receptive to the gospel.,"that God would soften down the hearts of E lijah Smith , J osiah Jones , Lowd Austin Loud & , and Azariah Lyman , and also Bardsley Andrew Beardsley , that they might obey the gospel",explicit,0.95,1833-10-05,Oliver Cowdery and Frederick G. Williams,exact,,40250,40432,"The prayer explicitly asks for God to act upon the hearts of specific individuals for the purpose of bringing them to obedience to the gospel, establishing a theological belief in divine influence over human disposition."
164,God intervenes in legal and temporal conflicts to deliver His servants from their adversaries.,"that God would continu continue to deliver me and my brethr e n from him , that he may not prevail again st us in the law suit lawsuit that is pending",explicit,0.95,1833-10-05,Oliver Cowdery and Frederick G. Williams,exact,,40084,40234,"Joseph Smith petitions God for specific deliverance from a legal opponent, demonstrating a belief that God's providence extends to protecting the Saints in secular and judicial matters."
165,The strengthening and geographic expansion of church stakes is a matter of divine petition and providence.,that this stake may be streng thened and its borders enlarged,explicit,0.9,1833-10-05,Oliver Cowdery and Frederick G. Williams,exact,,40544,40605,"The text identifies the growth and fortification of a 'stake' as a specific goal of prayer, reflecting the theological priority of building up organized centers for the Saints."
166,"If individuals refuse to repent, God may facilitate the transfer of their resources to the faithful to further His work.","if they would not repent , that the lord Lord would send faithful saints Saints to purchase their farms",inferred,0.85,1833-10-05,Oliver Cowdery and Frederick G. Williams,exact,,40438,40541,The prayer suggests a providential view where the refusal of some to join the faith justifies a petition for God to replace them with 'faithful saints' who will use the land to strengthen the church.
167,Prayer should be offered to God in the name of Jesus Christ.,"O Lord , grant it for Christ Sake ’s sake.",explicit,0.98,1833-10-05,Deity,exact,,40609,40651,"Joseph Smith concludes his petition with a formal invocation of Christ's name, demonstrating the theological principle of Christ's role as mediator between God and man."
168,The Sabbath is a designated time for the preaching of the gospel and public religious assembly.,"the Sabath Sabbath, Brother Barly Parley P. Pratt preached in this place and I preached in the evening",inferred,0.9,1833-10-05,Church members,fuzzy,98.0392156862745,41297,41439,"Joseph Smith records the specific practice of holding multiple preaching services on the Sabbath, implying a theological commitment to the day as one of public instruction and worship."
169,A religious community can be evaluated and characterized by the collective strength of its faith.,There is a small church in this place tha t seem s to be strong in th e faith .,inferred,0.85,1833-10-05,Church members,exact,,41456,41535,Smith's observation suggests that faith is not merely an individual attribute but a measurable quality of a congregation that determines its spiritual health.
170,The establishment and support of Zion is a communal religious duty requiring the voluntary commitment of its members.,Started started from home to obtain volenteers volunteers for Zion .,inferred,0.85,1833-10-05,Church members,exact,,40919,40987,The act of traveling specifically to recruit volunteers for Zion indicates a theological priority placed on the physical gathering and defense of a sacred community through voluntary sacrifice.
171,"Divine assistance in communication, known as the gift of utterance, is a spiritual endowment used to fulfill religious missions.","O Oh, may God bless us with the gift of utterance to ac complish the Journy journey and the Errand errand on which we are sent",inferred,0.9,1833-10-05,private journal entry,exact,,41751,41877,"Joseph Smith's prayer identifies the 'gift of utterance' as a specific divine blessing necessary for the successful completion of a spiritual journey or errand, establishing a theological link between divine grace and effective ministry."
172,God is the active agent in preserving the faith of believers and guiding them toward Zion.,"Oh , may God keep them in the faith and save them and lead them to Zion",inferred,0.92,1833-10-05,private journal entry,exact,,41537,41608,"This petition reflects a theological worldview where spiritual perseverance, salvation, and the gathering to Zion are dependent upon God's direct intervention and guidance."
173,The primary purpose of physical health and longevity is to enable individuals to perform good works for the sake of Christ.,bless my little chil dren with health and long life to do good in th this generation for Christ ’ s sake,inferred,0.88,1833-10-05,private journal entry,exact,,41967,42071,"Smith's prayer for his children defines the objective of physical blessings (health and long life) as the performance of Christian service, suggesting a teleological view of human life and health."
174,Divine intervention may be sought through prayer for the physical health and longevity of one's children.,"O Lord , bless my little chil dren with health and long life",explicit,0.95,1833-10-05,Private journal / Deity,exact,,41958,42018,Joseph Smith's direct petition to God for his children's health and life demonstrates a theological belief in petitionary prayer for specific physical outcomes and family well-being.
175,The primary purpose of seeking health and a long life is to perform good works for the benefit of one's contemporaries.,to do good in th this generation,explicit,0.95,1833-10-05,Private journal / Deity,exact,,42019,42051,"Smith explicitly identifies 'doing good' as the teleological objective for requesting health and long life, establishing a moral purpose for physical existence."
176,Petitions to God are properly offered through the mediation or for the sake of Jesus Christ.,for Christ ’ s sake,explicit,0.98,1833-10-05,Private journal / Deity,exact,,42052,42071,The use of this phrase at the conclusion of the prayer indicates a Christocentric theological framework where Christ serves as the mediator for human requests to God.
177,"The redemption of Zion is achieved through specific, divinely appointed means.",the means of her Redemtion,explicit,0.95,1833-10-05,The church members at Freeman Nickerson's house,exact,,43283,43309,"Smith identifies that there are specific 'means' or requirements for Zion's redemption, which he presented as a doctrinal subject to the congregation."
178,God grants temporal and spiritual blessings based on an individual's needs and their worthiness to receive them.,Blessings Both blessings both temporal and spiritual of which we stand in need or are found worthy to receive,explicit,0.95,1833-10-05,Journal readers,exact,,45405,45514,Joseph Smith explicitly categorizes blessings into temporal and spiritual and defines the conditions for receiving them as being based on need and worthiness.
179,Faith in the fullness of the gospel is the prerequisite for seeking the ordinance of baptism.,testified his faith in the ful ness of the gospel and desired to Be Baptised,inferred,0.85,1833-10-05,Journal readers,exact,,45908,45984,"While describing a specific convert, Joseph Smith frames the sequence of conversion as faith in the restored gospel ('fullness') preceding the desire for the ordinance of baptism."
180,Those who wish to obey the gospel should make their intent manifest to the ministry to receive the administration of ordinances.,"if any wished to obey , if they would make it manifest , we would stay to administer",inferred,0.85,1833-10-05,Meeting attendees,exact,,45733,45817,Joseph Smith establishes a pattern where the administration of gospel ordinances is contingent upon the individual's willingness to publicly manifest their desire to obey.
181,Society often prioritizes financial gain over the hospitality and reception due to the disciples of Jesus Christ.,Thus we see that there is is more place for mony money than for Jesus ’s Deciples disciples or the Lamb of God,explicit,0.95,1833-10-05,personal journal reflection,exact,,47471,47581,"Joseph Smith explicitly draws a moral conclusion from his travel experience, contrasting the world's preference for money against its lack of space for the followers of Christ or Christ himself."
182,Disciples of Christ may face repeated rejection when seeking assistance specifically on the basis of their religious identity.,"tryed three times to git keept in the name of Deciples disciples , and could not be keept, kept.",inferred,0.85,1833-10-05,personal journal reflection,fuzzy,90.625,47276,47410,"The text describes a specific instance where the identity of 'disciples' was the grounds for a request that was repeatedly denied, illustrating a principle of religious marginalization or the difficulty of finding faith-based hospitality."
183,The world often prioritizes material wealth over the reception of Jesus Christ and his followers.,there is is more place for mony money than for Jesus ’s Deciples disciples or the Lamb of God,explicit,0.9,1833-10-05,private journal,exact,,47488,47581,"Joseph Smith provides a direct philosophical observation regarding the social preference for money over spiritual figures, characterizing it as a 'thus we see' conclusion from his experiences."
184,The safety and well-being of one's family is a divine blessing from God.,"Found my Family family all well , and the Lord be praised for this blessing",inferred,0.9,1833-10-05,personal journal,exact,,48702,48777,"Joseph Smith attributes the health and safety of his family to the Lord, framing their well-being as a 'blessing' which warrants praise, thus inferring a principle of divine providence in personal life."
185,Gospel preaching is the delivery of the 'word of life.',Preach preach the word of life,inferred,0.85,1833-10-05,personal journal,exact,,48954,48984,"Smith characterizes the act of preaching the gospel as delivering the 'word of life,' a theological descriptor implying that religious instruction is the vehicle for spiritual or eternal life."
186,Finding joy in divine law is a characteristic of a righteous soul.,my Soul My soul delighteth in the Law law of the Lord,explicit,0.95,1833-10-05,personal journal,exact,,49440,49493,Joseph Smith describes the internal spiritual state of delighting in God's law as a positive attribute of his soul.
187,God forgives the sins of those who follow Him.,he forgiveth my sins,explicit,1.0,1833-10-05,personal journal,exact,,49500,49520,Joseph Smith explicitly identifies the Lord as the source of forgiveness for his sins.
188,The Lord confounds the enemies of His servants.,will confound mine Enimies the enemies,explicit,0.95,1833-10-05,personal journal,exact,,49525,49563,Smith expresses a theological conviction that God intervenes to frustrate the efforts of those who oppose His work or His representatives.
189,Those who oppose God's chosen servants face divine destruction.,The Lord shall destroy him who has lifted his heel against me,explicit,0.9,1833-10-05,personal journal,exact,,49566,49627,Smith articulates a principle of divine justice where active opposition to a prophet results in destruction by God.
190,Rebellion against the Almighty results in severe divine judgment.,"he lifted his arm against the Almity Almighty, therefore the Lord shall destroy him",explicit,0.95,1833-10-05,personal journal,exact,,49804,49887,The text establishes a cause-and-effect relationship between the act of 'lifting an arm' against God and the consequence of divine destruction.
191,God can be petitioned to provide the financial means necessary to resolve debt and secure institutional liberty.,bowed down befor e the Lord and prayed that he would furnish the means to deliver the firm Firm from debt and be set at liberty,inferred,0.95,1833-10-05,private council of church leaders,exact,,50517,50644,The act of Joseph Smith and his associates specifically praying for debt relief for the 'Firm' demonstrates a theological belief that God intervenes in temporal and financial obligations.
192,Divine intervention may be sought to grant victory over adversaries and to bring shame upon those perceived as wicked.,prayed... that I may pre vail against that wicked Doctor Philastus Hurlbut and that he be put to shame accordingly,inferred,0.9,1833-10-05,private council of church leaders,fuzzy,95.02262443438913,50622,50760,The prayer for victory over Hurlbut and for his public shaming reflects a principle that God acts as a protector and judge in personal and legal conflicts against opponents of the faith.
193,Bowing down is a proper physical posture to express humility and reverence when praying to God.,bowed down befor e the Lord and prayed,inferred,0.85,1833-10-05,private council of church leaders,exact,,50517,50555,The specific mention of the physical act of bowing before the prayer indicates that this posture is a recognized principle of showing proper respect during supplication.
194,United prayer among a council of leaders is a valid spiritual practice for seeking divine assistance for group needs.,"Brothers Newel K. Whitney , Oliver Cowdery , Frederick G. Williams , Heber C. Kimball , and myself meet met in the councel council room and bowed down befor e the Lord and prayed",inferred,0.9,1833-10-05,private council of church leaders,fuzzy,96.62921348314607,50339,50587,"The assembly of specific high-ranking brethren in a dedicated council room for the purpose of prayer illustrates the principle of collective, united petitioning as a means of obtaining divine favor."
195,God intervenes in human affairs and legal matters in response to prayer,all of which was in answer to our prayer,explicit,0.95,1833-10-05,private journal,exact,,51016,51056,"Joseph Smith directly attributes the favorable court ruling to divine intervention resulting from prayer, establishing a principle of God's responsiveness to specific petitions regarding temporal challenges."
196,Divine intervention and answered prayers warrant expressions of gratitude to God,for which I thank my heavenly father Heaveny Heavenly Father.,explicit,0.95,1833-10-05,private journal,exact,,51059,51120,"Joseph Smith models the theological practice of offering thanks to God as the source of favorable outcomes, framing gratitude as the appropriate response to perceived divine assistance."
197,Individuals within a religious community are assigned specific stewardships for which they are personally responsible.,each one have their stewardship set off to them,inferred,0.9,1833-10-05,United Firm members,exact,,51436,51483,"The text records a council decision to assign individual stewardships, reflecting the theological principle of personal responsibility and management of resources within the community of faith."
198,Church fellowship is a status that can be regained by individuals who have been previously separated from the body of the Church.,restored Father Tyler to the Church church,inferred,0.8,1833-10-05,meeting attendees,exact,,51550,51592,"The narrative describes the restoration of a member to the church, implying the theological principle that church membership is a state that can be regained through a process of reconciliation."
199,Organizational decisions within the church are reached through council and mutual agreement.,had Had a concel council of the united firm United Firm at which it was agreed,inferred,0.8,1833-10-05,United Firm members,exact,,51306,51384,"The text describes a council meeting where an agreement was reached, illustrating the principle of collective decision-making and common consent in church administration."
200,The redemption of Zion and the construction of a house for the Lord are essential religious priorities.,the important subject s of the deliverence deliverance of Zion and the building of the Lord ’ s house in Kirtland,inferred,0.85,1833-10-05,meeting attendees,exact,,52293,52406,"The text identifies these specific goals as 'important subjects' within the context of a religious meeting, establishing them as core theological and communal priorities for the movement."
201,Believers are expected to sacrifice financial resources to achieve the deliverance of Zion.,requested the brethren and sisters to contr i bute all the money they could for the deliverence deliverance of Zion,explicit,0.95,1833-10-05,brethren and sisters,exact,,52501,52616,"Joseph Smith directly calls for financial sacrifice as a necessary action to achieve a specific theological objective, linking temporal means to spiritual/communal salvation."
202,"The Holy Spirit provides direct, cautionary revelation to guide the actions and safety of individuals.",We were checked by the Spirit and refused,explicit,0.95,1833-10-05,traveling companions,exact,,53086,53127,"The account of being 'checked by the Spirit' illustrates the theological belief in immediate, protective revelation through the Holy Spirit to guide personal conduct and discernment."
203,The Holy Spirit provides promptings that can warn individuals of danger or guide their decisions.,We were checked by the Spirit and refused,inferred,0.85,1833-10-05,Personal journal/Scribes,exact,,53086,53127,"Joseph Smith records an instance where a spiritual impression dictated a specific action to avoid a threat, implying a theological principle regarding the function of the Spirit in providing personal revelation for safety."
204,Divine providence intervenes to protect individuals from the hands of their enemies.,we were successful in escaping their hands through the providence of the Lord,explicit,0.9,1833-10-05,Personal journal/Scribes,exact,,53264,53341,"Smith directly attributes their safety and escape from the men following them to the 'providence of the Lord,' asserting a belief in God's active protection of his servants."
205,An individual's capacity to perform significant good is dependent upon their continued faithfulness.,"may, if faithful, do much good",explicit,0.9,1833-10-05,Personal journal/Scribes,exact,,53668,53698,"Smith identifies faithfulness as the prerequisite condition for a 'good man' to be effective in his work or ministry, suggesting that spiritual utility is conditional."
206,Prayer should be directed to God the Father in the name of Jesus Christ.,called upon the Father in the name of Jesus,explicit,0.95,1833-10-05,private gathering of church leaders,exact,,54027,54070,"Joseph Smith describes the specific protocol used for prayer, establishing a theological pattern for communication with deity."
207,The organization of the Saints must be conducted according to the will of heaven.,organize them according to the will of heaven,explicit,0.9,1833-10-05,private gathering of church leaders,exact,,54348,54393,The text explicitly states that the organization of the people of the Lord is to be governed by divine will rather than human design.
208,"Divine strength, wisdom, and understanding are required to lead the people of the Lord.","give brother Brother Joseph strength , and wisdom , and understand ing sufficient to lead the people of the Lord",inferred,0.85,1833-10-05,private gathering of church leaders,exact,,54140,54252,"The prayer specifically petitions for these attributes as the necessary components for successful leadership of the church, implying they are divinely granted requirements."
209,The Saints are to be gathered and established on a specific land of inheritance.,"gather back , and establish the saints Saints upon the land of their inheritances",explicit,0.9,1833-10-05,private gathering of church leaders,exact,,54261,54342,This reflects the early Latter-day Saint doctrine of the gathering of Israel to a physical location (Zion) as a divinely mandated inheritance.
210,United prayer and supplication is the method for obtaining blessings for the church.,we united in prayer and suplication supplication for the blessings of the Lord to be given unto his church,inferred,0.8,1833-10-05,private gathering of church leaders,exact,,53913,54019,The act of uniting in prayer specifically for the church's blessings implies a belief in the efficacy of collective petition to secure divine favor.
211,The laying on of hands is a ritual practice used by church leadership for administration or blessing.,We then united and laid on hands,inferred,0.8,1833-10-05,private gathering of church leaders,exact,,54437,54469,"The text records the performance of this ritual by multiple leaders following their prayer, indicating its significance as a formal priesthood practice."
212,The laying on of hands is a ritual used to confer the spiritual blessings and qualifications required for a divine calling.,"laid on hands : Brothers Sidney Rigdon , Oliver Cowdery , and Zebedee Coltrin laid hands upon bro. Brother Joseph , and confirmed upon him all the blessings necessary to qualify him to stand before the Lord in his high calling",inferred,0.9,1833-10-05,"A small circle of early church leaders (Sidney Rigdon, Oliver Cowdery, Zebedee Coltrin)",fuzzy,99.11504424778761,54437,54727,"The text describes the laying on of hands as the specific mechanism through which spiritual qualifications and blessings are 'confirmed' upon an individual for their 'high calling,' implying a theological principle regarding the conferral of divine authority and capacity through physical ordinance."
213,Divine wisdom and understanding are necessary for the administrative task of arranging and publishing church covenants.,"confirmed upon him the blessings of wisdom and understanding sufficient for his station ; , that he be qualified to as sist brother Brother Sidney in ar ranging the church covenants",inferred,0.85,1833-10-05,"A small circle of early church leaders (Sidney Rigdon, Oliver Cowdery, Zebedee Coltrin)",exact,,54860,55041,"The text indicates that the work of organizing church covenants is not merely a secular task but requires divinely granted 'wisdom and understanding,' suggesting that ecclesiastical administration requires spiritual endowment."
214,Presiding over the church requires the assistance of the Spirit and specific spiritual gifts of knowledge.,"confirmed upon him the bles sings of wisdom and knowl edge to preside over the church in the abscence absence of brother Brother Joseph , and to have the spir it Spirit to assist",inferred,0.9,1833-10-05,"A small circle of early church leaders (Sidney Rigdon, Oliver Cowdery, Zebedee Coltrin)",exact,,55230,55408,"The text establishes that leadership roles (presiding) are not merely administrative but require spiritual empowerment, specifically the 'Spirit to assist' and gifts of 'wisdom and knowl edge.'"
215,Zion must be built up and Kirtland established as part of the divine timeline.,until Zion is built up & and Kirtland established,explicit,0.9,1833-10-05,Oliver Cowdery and Zebedee Coltrin,exact,,55552,55601,"The text frames the building of Zion and the establishment of Kirtland as specific, necessary objectives to be achieved before certain blessings or events are concluded."
216,The faithful are promised a crown of eternal life in the Kingdom of God.,a crown of eternal life in the Kingdom kingdom of God,explicit,0.95,1833-10-05,Oliver Cowdery and Zebedee Coltrin,exact,,55657,55710,This is a core soteriological principle identifying the ultimate reward for those who remain faithful in the work of the ministry.
217,"The gospel is intended to be preached globally, reaching even the islands of the seas.","preach the gospel, even till until it spreads to the islands of the seas",explicit,0.9,1833-10-05,Zebedee Coltrin,exact,,55843,55915,"This outlines the universal scope of the missionary mandate, suggesting that the gospel's reach is intended to be world-wide."
218,The Holy Spirit serves as a source of joy and comfort to the faithful.,"Our hearts rejoiced, and we were comforted with the Holy Spirit",explicit,0.95,1833-10-05,"Joseph Smith, Sidney Rigdon, and Oliver Cowdery",exact,,56071,56134,This describes the pneumatological function of the Holy Ghost in providing emotional and spiritual confirmation to believers.
219,Divine blessings and wisdom are conferred through the laying on of hands by those in authority.,"laid hands up on bro. Brother Zebedee , and con firmed the blessing",inferred,0.85,1833-10-05,Zebedee Coltrin,fuzzy,97.01492537313433,55748,55841,"The text describes the physical act of laying on hands as the specific mechanism for confirming a spiritual blessing, implying a theological principle regarding the transmission of divine power or gifts."
220,The Holy Spirit provides comfort and joy to the hearts of believers.,"Our hearts rejoiced, and we were comforted with the Holy Spirit , .",explicit,0.95,1833-10-05,,exact,,56071,56138,"Joseph Smith explicitly identifies the Holy Spirit as the source of the comfort and rejoicing experienced by the group, establishing a functional role for the Spirit in the life of the believer."
221,The 'Dispensation of the Fullness of Times' is a central theological framework for the instruction of the Saints.,"discourse upon the “ Dispensation dispensation of the ful ness of times,” &c etc .",inferred,0.85,1833-10-05,large con gregation of saints Saints,exact,,56281,56363,The recording of a discourse on this specific topic indicates its status as a foundational theological principle and a priority for public preaching in the early restoration movement.
222,Believers have a duty to provide material support and personal service for the relief of persecuted members of the faith.,"Some few vol unteered to go to Zion , and others donated $66.37 . for the bene fit of the scattered breth r en in Zion .",inferred,0.8,1833-10-05,conference,exact,,56473,56593,The positive reporting of volunteering and donating for 'scattered brethren' as part of a 'glorious time' at conference implies a principle of communal responsibility and sacrifice.
223,United prayer within a council of leaders is a method for seeking divine blessings and intervention.,"Assembled in council with breth r en Brethren Sidney Rigdon , Frederick G. Williams , Newel K. Whitney , John Johnson , and Oliver Cowdery and united in asking the Lord to give bro.",inferred,0.8,1833-10-05,"breth r en Brethren Sidney Rigdon , Frederick G. Williams , Newel K. Whitney , John Johnson , and Oliver Cowdery",fuzzy,97.79005524861878,56646,56865,The practice of 'uniting' in prayer within a formal council setting implies a theological principle regarding the efficacy of collective petition by leadership to obtain specific gifts or help from God.
224,Financial resources can be consecrated for the specific theological purpose of redeeming or delivering Zion,consecrated for the delivery of Zion,explicit,0.9,1833-10-05,donors and church members,exact,,57486,57522,"The text explicitly uses the theological term 'consecrated' to describe the nature of the donations and identifies the 'delivery of Zion' as the sacred objective for those funds, reflecting the doctrine of stewardship and the redemption of Zion."
225,The redemption or 'delivery' of Zion is a communal religious objective requiring material support from the faithful,consecrated for the delivery of Zion,inferred,0.85,1833-10-05,donors and church members,exact,,57486,57522,"While the text is a ledger, the categorization of funds for the 'delivery of Zion' implies a theological necessity for Zion to be liberated or restored through the collective efforts and sacrifices of the community."
226,Administering to the sick is performed to secure blessings for the afflicted and to bring glory to God.,"admin istering to the sick, for the purpose of obtaining blessings for them , and for the glory of the Lord",explicit,0.95,1833-10-05,Church leadership and scribes,exact,,58138,58245,The text explicitly defines the dual purpose of the action of administering to the sick as being for the benefit of the sick and the glory of the Lord.
227,United prayer is a formal means of petitioning God for specific divine intervention or approval.,united in prayer before the Lord for this thing,inferred,0.85,1833-10-05,Church leadership and scribes,exact,,58311,58358,The act of Joseph and his companions 'uniting' in prayer for a specific purpose (sending Frederick G. Williams to heal the sick) implies a theological belief in the efficacy of collective petition.
228,Divine blessings are requested through the authority and name of Jesus Christ.,"grant unto us those blessing s , in the name of Jesus Christ",explicit,0.98,1833-10-05,Deity,exact,,58374,58434,This is a direct application of the theological principle that prayer and petitions to God should be offered in the name of Christ.
229,The glory for answered petitions and divine blessings belongs eternally to God.,thy name shall have the glory forever,explicit,0.95,1833-10-05,Deity,exact,,58440,58477,The prayer explicitly attributes the credit and glory for the requested outcome to God's name rather than the human agents.
230,"Material resources can be consecrated, or set apart as holy, for the use of the church.",consecrated money,inferred,0.8,1833-10-05,Church members and scribes,exact,,58609,58626,The use of the term 'consecrated' to describe church funds implies a theological principle regarding the dedication of property to God's work.
231,God provides temporal relief for His work by influencing the hearts of individuals to be generous.,the Lord had lately sent us by opening the hearts of certain brethren from the east East to loan us $430,inferred,0.9,1833-10-05,private journal entry,exact,,59026,59130,"Joseph Smith attributes the receipt of a loan to divine intervention, specifically stating that the Lord 'opened the hearts' of the lenders, which implies a theological belief in God's influence over human agency to fulfill the temporal needs of the church."
232,Prayer should consist of both expressions of gratitude for past divine assistance and petitions for future blessings.,"united in prayer for the contin uance of blessings, after giving thanks for the relief which the Lord had lately sent us",inferred,0.85,1833-10-05,private prayer circle,exact,,58933,59053,"The text describes a specific pattern of prayer practiced by Joseph Smith and Oliver Cowdery, modeling a theological approach where thanksgiving for specific providence is a prerequisite or companion to seeking further help."
233,Financial resources can be sanctified or set apart as sacred for religious purposes.,consecrated money,inferred,0.8,1833-10-05,,exact,,58609,58626,The use of the term 'consecrated' to describe money indicates a theological framework where material wealth is not merely secular but can be dedicated to God and transformed into a holy resource for the church.
234,There is a spiritual obligation to utilize property and wealth for the publication of divine revelation.,put it in for the printing of the word of the Lord,inferred,0.75,1833-10-05,,exact,,58793,58843,The recording of Edmund Bosley's promise to use his property for 'printing the word of the Lord' suggests a shared principle that the dissemination of scripture is a primary and worthy use of personal consecrated assets.
235,Tithing consists of giving one-tenth of all increase to the poor or as directed by God.,"of all that he shall give us we will give a tenth, to be bestowed upon the poor in his church, or as he shall command",explicit,0.98,1833-10-05,Joseph Smith and Oliver Cowdery,exact,,59497,59614,The text explicitly defines a tenth as the portion to be given for the poor or church purposes as part of a formal covenant with God.
236,Faithfulness in managing current stewardships is a prerequisite for receiving greater blessings or responsibilities.,we will be faithful over that which he has en trus ted to our care that we may obtain much,explicit,0.95,1833-10-05,Joseph Smith and Oliver Cowdery,fuzzy,98.88888888888889,59614,59740,"The text states a direct correlation between being faithful over what is entrusted and the expectation of obtaining more, reflecting a theological principle of stewardship."
237,Sacred covenants should be recorded and passed down for future generations to observe.,our children after us shall remember to observe this sacred and holy cove nant,explicit,0.9,1833-10-05,Joseph Smith and Oliver Cowdery,exact,,59736,59814,"The covenant includes a specific provision for children to remember and observe the agreement, highlighting the intergenerational nature of religious obligations in Smith's theology."
238,Divine assistance in temporal affairs is sought to preserve the reputation of God's people.,"if the Lord will prosper us in our busi ness , and open the way be fore us us that we may obtain means to pay our debts, that we be not troubled nor brought into disrepute before the world nor his people",inferred,0.85,1833-10-05,Joseph Smith and Oliver Cowdery,fuzzy,99.50738916256158,59233,59516,"The prayer for prosperity is explicitly linked to the goal of avoiding 'disrepute,' implying a principle that temporal integrity and debt-payment reflect on the spiritual standing of the community."
239,Records of covenants should be preserved so that future generations may have knowledge of them.,"And that our children and our chil dren’s children may know of the same , we here subscribe our names with our own hands before the Lord",explicit,0.95,1833-10-05,God and future descendants,exact,,59820,59956,Joseph Smith explicitly states that the purpose of signing the document is to ensure their descendants have knowledge of the covenant being made.
240,God grants protection and prosperity to those who enter into a covenant with Him.,"as thou didst prosper our father Jacob , and bless him with protection and prosperity where ever wherever he went from the time he made a like covenant before and with thee",inferred,0.9,1833-10-05,God,exact,,60014,60186,Smith uses the biblical precedent of Jacob to establish the theological expectation that making a covenant with God results in divine protection and prosperity.
241,Covenant-making can lead to the opening of the heavens and the receipt of divine promises.,"as thou didst ,— even the same night , open the heavens unto him and manifest great mercy and favor , and give him promises, so wilt thou do by us his sons",inferred,0.9,1833-10-05,God,exact,,60195,60350,"Smith petitions God for the same spiritual manifestations given to Jacob upon his covenant, implying a direct link between the act of covenanting and receiving revelation."
242,Modern believers are the spiritual or literal heirs to the blessings and identity of the biblical patriarchs.,so wilt thou do by us his sons,explicit,0.95,1833-10-05,God,exact,,60320,60350,"Smith identifies himself and Oliver Cowdery as the 'sons' of Jacob, indicating a belief in a shared lineage or theological inheritance of the blessings promised to the patriarchs."
243,Covenant blessings have the potential to expand and prevail beyond the blessings of previous generations.,"as his blessings prevailed above the blessings of his Progenitors progenitors into the utmost bounds of the everlasting hills, even so may our blessings prevail like his",inferred,0.85,1833-10-05,God,exact,,60364,60533,"Smith draws a parallel between Jacob's expansive blessings and his own expectations, suggesting a principle where covenantal favor can grow and exceed ancestral precedents."
244,"Blessings can prevail and extend to the bounds of the everlasting hills, following the pattern of one's progenitors.","as his blessings prevailed above the blessings of his Progenitors progenitors into the utmost bounds of the everlasting hills, even so may our blessings prevail like his",inferred,0.8,1833-10-05,Scribes and close associates,exact,,60364,60533,"Joseph Smith applies a biblical precedent (likely the blessings of Joseph of Egypt) to his own context, suggesting a theological belief in the continuity and expansion of ancestral blessings."
245,God's servants can be preserved from the power and influence of unrighteous individuals.,may thy servants be preserved from the power and influence of wicked and unrighteous men,inferred,0.85,1833-10-05,Scribes and close associates,exact,,60547,60635,This prayerful petition reflects a theological belief in divine protection against the social and spiritual influence of the wicked.
246,Weapons formed against God's servants will ultimately fall upon those who created them.,may every weapon formed against us fall upon the head of him who shall form it,inferred,0.85,1833-10-05,Scribes and close associates,exact,,60637,60715,This principle articulates a concept of divine justice where the malice intended for the righteous is redirected by God back to the aggressor.
247,Faithful individuals may obtain a name and a place among the sanctified in the afterlife.,"may we be blessed with a name and a place among thy saints Saints here , and thy sanc tified when they shall rest.",inferred,0.85,1833-10-05,Scribes and close associates,exact,,60717,60831,The petition for a place among the 'sanctified' when they 'rest' implies a theological framework for eternal reward and the classification of souls after death.
248,Reflecting upon the goodness and mercy of the Lord can facilitate the reception of prophecy.,"While reflecting upon the goodness and mercy of the Lord , this evening, a prophecy was put into our hearts",explicit,0.95,1833-10-05,Scribes and close associates,exact,,60904,61011,Joseph Smith explicitly describes the mental and spiritual state of reflection as the catalyst for receiving a prophetic impression.
249,The Lord can arrange His providence to deliver His servants from temporal debt and bondage.,the Lord would arrange his providen ces in a merciful man ner and send us assist ance to deliver us from debt and bon dage.,explicit,0.95,1833-10-05,Scribes and close associates,exact,,61035,61158,The text records a specific prophecy asserting that God intervenes in financial and temporal affairs to provide relief for His followers.
250,The Holy Spirit provides specific directions for the actions and decisions of church leadership.,According to the directions of the Holy Spirit,explicit,0.95,1833-10-05,Scribes and close associates,exact,,61220,61266,Joseph Smith attributes the specific administrative or ministerial actions of himself and his counselors to the direct guidance of the Holy Spirit.
251,Jesus Christ was crucified for the sins of the world,Jesus Christ who was crucified for the sins of the world,explicit,1.0,1833-10-05,"Oliver Cowdery, Sidney Rigdon, and Frederick G. Williams",exact,,61661,61717,Joseph Smith explicitly identifies the crucifixion of Jesus Christ as being for the purpose of addressing the sins of the world during the ordination prayer.
252,Priesthood ordination is performed through the laying on of hands,"I lay my hands upon thee , and ordain thee",explicit,1.0,1833-10-05,"Oliver Cowdery, Sidney Rigdon, and Frederick G. Williams",exact,,61719,61761,The text records the physical act and the verbal declaration of laying on hands as the method for conferring priesthood office.
253,The priesthood is a high and holy institution,high and holy p r iest hood,explicit,0.95,1833-10-05,"Oliver Cowdery, Sidney Rigdon, and Frederick G. Williams",exact,,61803,61830,Joseph Smith uses specific sacralizing adjectives to define the nature and status of the priesthood authority being conferred.
254,The Holy Spirit provides specific direction for the conduct and order of speakers in religious meetings,"The voice of the Spirit is , that brother Brother Sidney Rigdon speak to the congregation this day , first, Brother Joseph next, bro. Brother Oliver Cowdery next . , and if time , bro Zebedeee Brother Zebedee Coltrin .",explicit,0.95,1833-10-05,The congregation and church leadership,fuzzy,99.08256880733946,62833,63114,"Joseph Smith explicitly attributes the specific order of speakers for the day's meeting to the 'voice of the Spirit', establishing a theological principle that divine revelation governs the procedural and liturgical aspects of worship services."
